word,iterations
ação,1
acordam,1
acórdão,1
alô,1
antolisei,1
aprilegiugno,1
arealva,1
artenira,1
arts,1
assessorial,1
autor,1
autora,1
autos,1
avs,1
azera,1
balsa,1
bricks,1
centralizador,1
chutes,1
ciò,1
comarca,1
combos,1
consagrador,1
crises,1
dels,1
demos,1
desparafusaram,1
diebstahl,1
distinguishing,1
divisio,1
docere,1
dovere,1
embalar,1
factoring,1
fls,1
fps,1
grades,1
hrs,1
iluminou,1
is,1
jus,1
kits,1
lacunas,1
lances,1
logística,1
magazines,1
manifestos,1
materializem,1
nonesistono,1
novas,1
nulitté,1
ok,1
olivé,1
participação,1
pas,1
personificado,1
pesos,1
picar,1
posses,1
preisendans,1
preordenados,1
presidente,1
pura,1
quartos,1
quatriênio,1
quotas,1
refletissem,1
relatados,1
represados,1
restritivas,1
reteração,1
réu,1
reversamente,1
ris,1
ritinha,1
sans,1
seguinte,1
semiliberdade,1
sera,1
simples,1
sintonizou,1
socioeducativa,1
sports,1
tapas,1
tiros,1
tours,1
transpostada,1
villas,1
ya,1
zanone,1
zu,1
arias,3
bão,3
bassi,3
brecar,3
cartapácio,3
chuchu,3
circumstancial,3
contrectatio,3
crimes,3
dia,3
empolga,3
extremados,3
ls,3
maria,3
mariângela,3
metendo,3
mos,3
motors,3
nt,3
overruling,3
personificação,3
podia,3
polarizada,3
possuídas,3
recte,3
schoroeder,3
tens,3
times,3
torques,3
ablatio,4
adotei,4
altos,4
apelação,4
audaciosas,4
bevilaqua,4
booking,4
brgruden,4
brinda,4
constrangimen,4
copacabana,4
denser,4
dibattito,4
diplomas,4
dje,4
endossá,4
frenagem,4
headphones,4
inatingível,4
lps,4
moedano,4
pelaposse,4
penalístico,4
posseexclusiva,4
robustas,4
schroender,4
vollendet,4
wilder,4
am,5
ángel,5
belloque,5
boas,5
checaria,5
consectariamente,5
esparadrapo,5
ferre,5
fulminá,5
galinhas,5
gases,5
gfips,5
glosado,5
joio,5
malefício,5
nalgum,5
núnez,5
opera,5
perfumes,5
pomposas,5
resps,5
atrafgesetzbuch,6
beco,6
bucha,6
caleu,6
cargos,6
caris,6
cola,6
contraddittorio,6
corroboradora,6
dalle,6
declaração,6
discovery,6
els,6
escaninho,6
fares,6
fortes,6
fungíveis,6
grunewald,6
halls,6
higienização,6
imaginarmos,6
jander,6
led,6
leichsenring,6
leu,6
maggior,6
martens,6
mascinkowski,6
mdca,6
nostro,6
notem,6
os,6
pares,6
parts,6
plasmaram,6
proferir,6
progressista,6
proporcionava,6
qmw,6
rent,6
royalties,6
rs,6
schroeder,6
sendo,6
servimed,6
shorts,6
signifiquem,6
skates,6
strafgesetzbuch,6
sugestiva,6
sugestivas,6
tails,6
taximetria,6
teams,6
tlarizar,6
viriam,6
voto,6
vouchers,6
we,6
wegnahme,6
wenn,6
atenções,7
besonder,7
caps,7
chipa,7
comas,7
cos,7
credenciara,7
dentes,7
extras,7
foschini,7
illatio,7
legali,7
makley,7
maps,7
núñez,7
personas,7
pipa,7
processam,7
qmu,7
rei,7
schoenke,7
serviente,7
shintaku,7
topografia,7
triângulo,7
vales,7
valoroso,7
vcs,7
vedadora,7
armindo,8
begrunden,8
besonderer,8
colaborações,8
comunicáveis,8
conformidade,8
consagrar,8
cuidavam,8
desdobrou,8
desqualifique,8
emison,8
emprestarem,8
espoliado,8
grl,8
havia,8
inobservanica,8
jungida,8
junji,8
justiça,8
lays,8
majoritários,8
manutenido,8
marcam,8
martins,8
mesas,8
miyahara,8
nota,8
primos,8
radicalismo,8
recdo,8
relator,8
renagade,8
sales,8
sang,8
sequelas,8
simba,8
sintonizaram,8
streaming,8
trains,8
tranquilíssimo,8
traumas,8
verna,8
vulnerações,8
xxxviii,8
alexis,9
an,9
anno,9
compendiado,9
continenti,9
debba,9
desaprovação,9
despovejo,9
desprovejo,9
deutsche,9
endrew,9
gelungen,9
indutiva,9
leading,9
leas,9
legale,9
legge,9
naves,9
oculi,9
panain,9
processo,9
procs,9
quitéria,9
reconstruir,9
smiles,9
solares,9
sossega,9
srs,9
strafrecht,9
subalterno,9
ts,9
vistas,9
vítima,9
acoroçoa,10
acrílicas,10
aids,10
caroço,10
catálogos,10
ccs,10
chances,10
cores,10
debates,10
desafogada,10
desembargadores,10
esbulhador,10
extrema,10
fremden,10
golfeto,10
gps,10
importadores,10
incentivador,10
indirecta,10
indiziarie,10
indultiva,10
indutivos,10
inosbservanica,10
inque,10
junko,10
kms,10
ll,10
mab,10
malandragem,10
mezger,10
nímios,10
nominado,10
pastas,10
petters,10
ads,11
airlines,11
brechen,11
champions,11
chs,11
compatibilizar,11
decisão,11
desnudada,11
destacava,11
é,11
equiparava,11
esistenza,11
etiquetinha,11
fetichismos,11
ficções,11
gewahrsam,11
incisivos,11
incrição,11
invoque,11
juracy,11
madeiras,11
manas,11
mínima,11
momentos,11
ora,11
padres,11
partes,11
prates,11
preisendanz,11
principiar,11
relatório,11
republicano,11
soli,11
tater,11
uniformizados,11
ve,11
vistos,11
,11
abalroa,12
acentuava,12
altro,12
ambisome,12
antes,12
are,12
art,12
bs,12
btw,12
calibres,12
carai,12
casodex,12
castigados,12
costumes,12
ferré,12
genere,12
historiográfica,12
holdings,12
hs,12
imports,12
logísticas,12
lopes,12
mcd,12
neuen,12
nuances,12
pilhas,12
salum,12
sonegados,12
sossegada,12
sucedem,12
supremas,12
têxtil,12
tocados,12
tolkiens,12
tribunal,12
verticalização,12
actis,13
aham,13
ahh,13
amperes,13
bares,13
belas,13
casi,13
cons,13
costendo,13
desprenderam,13
dissertarem,13
enquantodura,13
estocados,13
exasperamento,13
exótico,13
gelox,13
geraldinho,13
imponham,13
incentivadoras,13
interrelacionados,13
julgamento,13
lentamente,13
lógicoconstrutivo,13
manos,13
materiae,13
maxima,13
mesmíssimo,13
monocordicamente,13
olaria,13
ova,13
plínios,13
pois,13
preordenado,13
prosecutions,13
regimes,13
reis,13
responsa,13
said,13
ss,13
sugestiona,13
tempos,13
tendo,13
testes,13
travels,13
vigilantes,13
volumes,13
abeberam,14
acalentado,14
armadas,14
atlas,14
auto,14
centra,14
cgm,14
circunstancial,14
claudicado,14
contemporaneamente,14
continua,14
controladoria,14
crackers,14
dialético,14
disse,14
dizer,14
enfeixam,14
envelopes,14
fed,14
fishing,14
goes,14
inaudível,14
inserimento,14
introdutória,14
invece,14
izaias,14
males,14
massima,14
protetores,14
ressaltarem,14
saw,14
segs,14
ser,14
somas,14
straffrecht,14
tars,14
thais,14
thiagogordo,14
transformem,14
tvs,14
alinhar,15
ate,15
brothers,15
bulls,15
chapado,15
classes,15
compondo,15
daqueloutro,15
dasaprovação,15
ddesprenderam,15
deat,15
delimito,15
despachar,15
dimonstrativa,15
dimostrativa,15
directo,15
discutidos,15
dmdomingos,15
drs,15
drt,15
ds,15
elder,15
empíricas,15
encampou,15
enhanced,15
esferade,15
espressione,15
ferrenho,15
fins,15
graves,15
her,15
idiossincráticas,15
inseparável,15
integra,15
itajiba,15
metros,15
ores,15
perdurasse,15
ré,15
recurs,15
recurso,15
redescoberta,15
salvos,15
sons,15
usiva,15
almudena,15
amagis,15
amanha,15
artigo,15
bases,15
breves,15
caipiras,15
cansar,15
carimbos,15
carnes,15
chocolates,15
crime,15
cs,15
cui,15
discos,15
etw,15
exaspera,15
exasperá,15
expressos,15
faturavam,15
finzioni,15
flats,15
formiguinhas,15
gays,15
gaze,15
generalizou,15
gs,15
hydrea,15
ids,15
incensá,15
incorporasse,15
induzione,15
inexcedível,15
infelicitam,15
infelicitar,15
influenza,15
iniquidade,15
inobservância,15
inscrição,15
irrespondível,15
isopores,15
ivanir,15
juntas,15
kicks,15
kids,15
limited,15
litsue,15
livres,15
lvi,15
maluco,15
media,15
men,15
mentale,15
mms,15
munchen,15
negociam,15
ocupações,15
ogni,15
oncofarma,15
ópticas,15
overrruling,15
parao,15
qnc,15
regulará,15
rms,15
sent,15
stfhc,15
teil,15